2026-08-12T09:16:07-05:00	base_ns3	OK	ROF_NS=3 ROF_NC=5 ROF_THETA=vec ROF_JAC=ad ROF_MODE=vjp
2026-08-12T09:17:15-05:00	theta_nt	OK	ROF_NS=3 ROF_NC=5 ROF_THETA=nt ROF_JAC=ad ROF_MODE=vjp
2026-08-12T09:17:19-05:00	ns13	EXIT1	ROF_NS=13 ROF_NC=5 ROF_THETA=vec ROF_JAC=ad ROF_MODE=vjp
2026-08-12T09:18:04-05:00	nc288	OK	ROF_NS=3 ROF_NC=288 ROF_THETA=vec ROF_JAC=ad ROF_MODE=vjp
2026-08-12T09:18:13-05:00	ns13_fd	EXIT1	ROF_NS=13 ROF_NC=5 ROF_THETA=vec ROF_JAC=fd ROF_MODE=vjp
2026-08-12T09:19:09-05:00	ns7	EXIT1	ROF_NS=7 ROF_NC=5 ROF_THETA=vec ROF_JAC=ad ROF_MODE=vjp
2026-08-12T09:19:09-05:00	ns4	OK	ROF_NS=4 ROF_NC=5 ROF_THETA=vec ROF_JAC=ad ROF_MODE=vjp
2026-08-12T09:19:09-05:00	ns13_out	OK	ROF_NS=13 ROF_NC=5 ROF_THETA=vec ROF_JAC=ad ROF_MODE=out
2026-08-12T09:20:09-05:00	ns5	EXIT1	ROF_NS=5 ROF_NC=5 ROF_THETA=vec ROF_JAC=ad ROF_MODE=vjp
2026-08-12T09:20:10-05:00	ns8	EXIT1	ROF_NS=8 ROF_NC=5 ROF_THETA=vec ROF_JAC=ad ROF_MODE=vjp
2026-08-12T09:20:35-05:00	ns13_dus	EXIT1	ROF_NS=13 ROF_NC=5 ROF_ASM=dus ROF_THETA=vec ROF_JAC=ad ROF_MODE=vjp
2026-08-12T09:20:38-05:00	ns13_jvp	OK	ROF_NS=13 ROF_NC=5 ROF_THETA=vec ROF_JAC=ad ROF_MODE=jvp
2026-08-12T09:20:58-05:00	ns6	EXIT1	ROF_NS=6 ROF_NC=5 ROF_THETA=vec ROF_JAC=ad ROF_MODE=vjp
2026-08-12T09:21:05-05:00	ns10	EXIT1	ROF_NS=10 ROF_NC=5 ROF_THETA=vec ROF_JAC=ad ROF_MODE=vjp
2026-08-12T09:23:29-05:00	ns13_noconcatpass	EXIT1	ROF_NS=13 ROF_NC=5 ROF_THETA=vec ROF_JAC=ad ROF_MODE=vjp ROF_EXCL=concat_reshape_slice
2026-08-12T09:25:25-05:00	ns13_noallcs	OK	ROF_NS=13 ROF_NC=5 ROF_THETA=vec ROF_JAC=ad ROF_MODE=vjp ROF_EXCL=add_pad_pad_to_concat,add_reduce_slice_fusion,and_reduce_slice_fusion,binop_pad_to_concat_add,binop_pad_to_concat_mul,concat_broadcast_slice,concat_concat_axis_swap,concat_concat_to_dus,concat_const_prop,concat_elementwise,concat_fuse,concat_insert_dim_convolution,concat_insert_dim_dot_general,concat_insert_dim_elementwise,concat_insert_dim_gather,concat_insert_dim_iota,concat_insert_dim_reduce,concat_insert_dim_reduce_window,concat_insert_dim_sort,concat_multipad,concat_pad,concat_push_binop_add,concat_push_binop_mul,concat_reshape_reduce,concat_reshape_slice,concat_slice,concat_slices_to_reverse,concat_to_broadcast,concat_to_pad,concat_wrap,concatenate_add_to_add_pad,concatenate_broadcast_in_dim,concatenate_licm,concatenate_op_canon,concatenate_subtract_to_subtract_pad,convert_concat,cse_concatenate,cse_slice,dus_concat,dus_dus_concat,dus_dynamic_slice_simplify,dus_slice_simplify,dynamic_slice_dynamic_slice,dynamic_slice_elementwise,dynamic_slice_licm,dynamic_slice_simplify,dynamic_slice_slice,dynamic_slice_to_static,dynamic_update_slice_const_prop,dynamic_update_slice_elim,dynamic_update_to_concat,hoist_slice,lower_multislice,max_reduce_slice_fusion,min_reduce_slice_fusion,mul_reduce_slice_fusion,negative_pad_to_slice,noop_slice,or_reduce_slice_fusion,pad_concat_to_concat_pad,reduce_concat,reshape_concat,reshape_dynamic_slice,reshape_slice,reshape_slice_reshape,scatter_to_dynamic_update_slice,slice_broadcast,slice_concat,slice_dot_general,slice_dus_to_concat,slice_dynamic_slice,slice_elementwise,slice_extend,slice_if,slice_internal,slice_licm,slice_of_dynamic_update,slice_of_updatewithoutcorners,slice_pad,slice_reduce_window,slice_reverse,slice_select_to_select_slice,slice_simplify,slice_slice,transpose_concat,transpose_dynamic_slice,transpose_like_broadcast_dynamic_slice,transpose_like_broadcast_slice,transpose_slice,xor_reduce_slice_fusion
2026-08-12T09:27:03-05:00	bisect1	OK	ROF_NS=13 ROF_NC=5 ROF_THETA=vec ROF_JAC=ad ROF_MODE=vjp ROF_EXCL=add_pad_pad_to_concat,add_reduce_slice_fusion,and_reduce_slice_fusion,binop_pad_to_concat_add,binop_pad_to_concat_mul,concat_broadcast_slice,concat_concat_axis_swap,concat_concat_to_dus,concat_const_prop,concat_elementwise,concat_fuse,concat_insert_dim_convolution,concat_insert_dim_dot_general,concat_insert_dim_elementwise,concat_insert_dim_gather,concat_insert_dim_iota,concat_insert_dim_reduce,concat_insert_dim_reduce_window,concat_insert_dim_sort,concat_multipad,concat_pad,concat_push_binop_add,concat_push_binop_mul,concat_reshape_reduce,concat_reshape_slice,concat_slice,concat_slices_to_reverse,concat_to_broadcast,concat_to_pad,concat_wrap,concatenate_add_to_add_pad,concatenate_broadcast_in_dim,concatenate_licm,concatenate_op_canon,concatenate_subtract_to_subtract_pad,convert_concat,cse_concatenate,cse_slice,dus_concat,dus_dus_concat,dus_dynamic_slice_simplify,dus_slice_simplify,dynamic_slice_dynamic_slice,dynamic_slice_elementwise,dynamic_slice_licm
2026-08-12T09:27:26-05:00	ns3_allextra	OK	ROF_NS=3 ROF_NC=5 ROF_THETA=vec ROF_JAC=ad ROF_MODE=vjp ROF_EXTRA=log10,floor,sumreduce,cast,scatter,gather,select,pow
2026-08-12T09:28:16-05:00	bisect2	OK	ROF_NS=13 ROF_NC=5 ROF_THETA=vec ROF_JAC=ad ROF_MODE=vjp ROF_EXCL=add_pad_pad_to_concat,add_reduce_slice_fusion,and_reduce_slice_fusion,binop_pad_to_concat_add,binop_pad_to_concat_mul,concat_broadcast_slice,concat_concat_axis_swap,concat_concat_to_dus,concat_const_prop,concat_elementwise,concat_fuse,concat_insert_dim_convolution,concat_insert_dim_dot_general,concat_insert_dim_elementwise,concat_insert_dim_gather,concat_insert_dim_iota,concat_insert_dim_reduce,concat_insert_dim_reduce_window,concat_insert_dim_sort,concat_multipad,concat_pad,concat_push_binop_add
2026-08-12T09:28:29-05:00	ns3_allextra_nt	OK	ROF_NS=3 ROF_NC=5 ROF_THETA=nt ROF_JAC=ad ROF_MODE=vjp ROF_EXTRA=log10,floor,sumreduce,cast,scatter,gather,select,pow
2026-08-12T09:29:30-05:00	bisect3	OK	ROF_NS=13 ROF_NC=5 ROF_THETA=vec ROF_JAC=ad ROF_MODE=vjp ROF_EXCL=add_pad_pad_to_concat,add_reduce_slice_fusion,and_reduce_slice_fusion,binop_pad_to_concat_add,binop_pad_to_concat_mul,concat_broadcast_slice,concat_concat_axis_swap,concat_concat_to_dus,concat_const_prop,concat_elementwise,concat_fuse
2026-08-12T09:30:04-05:00	bisect4	EXIT1	ROF_NS=13 ROF_NC=5 ROF_THETA=vec ROF_JAC=ad ROF_MODE=vjp ROF_EXCL=add_pad_pad_to_concat,add_reduce_slice_fusion,and_reduce_slice_fusion,binop_pad_to_concat_add,binop_pad_to_concat_mul
2026-08-12T09:30:21-05:00	ns3_dyngather	EXIT1	ROF_NS=3 ROF_NC=5 ROF_THETA=vec ROF_JAC=ad ROF_MODE=vjp ROF_EXTRA=dyngather
2026-08-12T09:30:25-05:00	ns13_nt_allextra	OK	ROF_NS=13 ROF_NC=5 ROF_THETA=nt ROF_JAC=ad ROF_MODE=vjp ROF_EXTRA=log10,floor,sumreduce,cast,scatter,gather,select,pow ROF_EXCL=add_pad_pad_to_concat,add_reduce_slice_fusion,and_reduce_slice_fusion,binop_pad_to_concat_add,binop_pad_to_concat_mul,concat_broadcast_slice,concat_concat_axis_swap,concat_concat_to_dus,concat_const_prop,concat_elementwise,concat_fuse,concat_insert_dim_convolution,concat_insert_dim_dot_general,concat_insert_dim_elementwise,concat_insert_dim_gather,concat_insert_dim_iota,concat_insert_dim_reduce,concat_insert_dim_reduce_window,concat_insert_dim_sort,concat_multipad,concat_pad,concat_push_binop_add,concat_push_binop_mul,concat_reshape_reduce,concat_reshape_slice,concat_slice,concat_slices_to_reverse,concat_to_broadcast,concat_to_pad,concat_wrap,concatenate_add_to_add_pad,concatenate_broadcast_in_dim,concatenate_licm,concatenate_op_canon,concatenate_subtract_to_subtract_pad,convert_concat,cse_concatenate,cse_slice,dus_concat,dus_dus_concat,dus_dynamic_slice_simplify,dus_slice_simplify,dynamic_slice_dynamic_slice,dynamic_slice_elementwise,dynamic_slice_licm,dynamic_slice_simplify,dynamic_slice_slice,dynamic_slice_to_static,dynamic_update_slice_const_prop,dynamic_update_slice_elim,dynamic_update_to_concat,hoist_slice,lower_multislice,max_reduce_slice_fusion,min_reduce_slice_fusion,mul_reduce_slice_fusion,negative_pad_to_slice,noop_slice,or_reduce_slice_fusion,pad_concat_to_concat_pad,reduce_concat,reshape_concat,reshape_dynamic_slice,reshape_slice,reshape_slice_reshape,scatter_to_dynamic_update_slice,slice_broadcast,slice_concat,slice_dot_general,slice_dus_to_concat,slice_dynamic_slice,slice_elementwise,slice_extend,slice_if,slice_internal,slice_licm,slice_of_dynamic_update,slice_of_updatewithoutcorners,slice_pad,slice_reduce_window,slice_reverse,slice_select_to_select_slice,slice_simplify,slice_slice,transpose_concat,transpose_dynamic_slice,transpose_like_broadcast_dynamic_slice,transpose_like_broadcast_slice,transpose_slice,xor_reduce_slice_fusion
2026-08-12T09:31:13-05:00	cost_ns3_ad_out	OK	ROF_NS=3 ROF_NC=64 ROF_THETA=vec ROF_JAC=ad ROF_MODE=out
2026-08-12T09:31:15-05:00	ns3_traceif	OK	ROF_NS=3 ROF_NC=5 ROF_THETA=vec ROF_JAC=ad ROF_MODE=vjp ROF_EXTRA=traceif
2026-08-12T09:31:52-05:00	bisect5	OK	ROF_NS=13 ROF_NC=5 ROF_THETA=vec ROF_JAC=ad ROF_MODE=vjp ROF_EXCL=concat_broadcast_slice,concat_concat_axis_swap,concat_concat_to_dus
2026-08-12T09:32:05-05:00	cost_ns3_ad_jvp	OK	ROF_NS=3 ROF_NC=64 ROF_THETA=vec ROF_JAC=ad ROF_MODE=jvp
2026-08-12T09:32:48-05:00	cost_ns3_fd_out	OK	ROF_NS=3 ROF_NC=64 ROF_THETA=vec ROF_JAC=fd ROF_MODE=out
2026-08-12T09:33:23-05:00	ns3_dyngather2	OK	ROF_NS=3 ROF_NC=5 ROF_THETA=vec ROF_JAC=ad ROF_MODE=vjp ROF_EXTRA=dyngather
2026-08-12T09:33:40-05:00	cost_ns3_fd_jvp	OK	ROF_NS=3 ROF_NC=64 ROF_THETA=vec ROF_JAC=fd ROF_MODE=jvp
2026-08-12T09:33:43-05:00	bisect6	OK	ROF_NS=13 ROF_NC=5 ROF_THETA=vec ROF_JAC=ad ROF_MODE=vjp ROF_EXCL=concat_broadcast_slice
2026-08-12T09:34:34-05:00	cost_ns6_ad_out	OK	ROF_NS=6 ROF_NC=64 ROF_THETA=vec ROF_JAC=ad ROF_MODE=out
2026-08-12T09:35:04-05:00	ns3_nopatch	OK	ROF_NS=3 ROF_NC=5 ROF_THETA=vec ROF_JAC=ad ROF_MODE=vjp ROF_PATCH=0
2026-08-12T09:35:27-05:00	cost_ns6_ad_jvp	OK	ROF_NS=6 ROF_NC=64 ROF_THETA=vec ROF_JAC=ad ROF_MODE=jvp
2026-08-12T09:36:06-05:00	ns13_only_cbs	OK	ROF_NS=13 ROF_NC=5 ROF_THETA=vec ROF_JAC=ad ROF_MODE=vjp ROF_EXCL=concat_broadcast_slice
2026-08-12T09:36:12-05:00	cost_ns6_fd_out	OK	ROF_NS=6 ROF_NC=64 ROF_THETA=vec ROF_JAC=fd ROF_MODE=out
2026-08-12T09:36:21-05:00	ns3_nopatch_allextra	OK	ROF_NS=3 ROF_NC=5 ROF_THETA=nt ROF_JAC=ad ROF_MODE=vjp ROF_PATCH=0 ROF_EXTRA=log10,floor,sumreduce,cast,scatter,gather,select,pow,dyngather,traceif
2026-08-12T09:37:06-05:00	cost_ns6_fd_jvp	OK	ROF_NS=6 ROF_NC=64 ROF_THETA=vec ROF_JAC=fd ROF_MODE=jvp
2026-08-12T09:38:36-05:00	cost_ns9_ad_out	OK	ROF_NS=9 ROF_NC=64 ROF_THETA=vec ROF_JAC=ad ROF_MODE=out
2026-08-12T09:39:33-05:00	cost_ns9_ad_jvp	OK	ROF_NS=9 ROF_NC=64 ROF_THETA=vec ROF_JAC=ad ROF_MODE=jvp
2026-08-12T09:40:25-05:00	cost_ns9_fd_out	OK	ROF_NS=9 ROF_NC=64 ROF_THETA=vec ROF_JAC=fd ROF_MODE=out
2026-08-12T09:41:19-05:00	cost_ns9_fd_jvp	OK	ROF_NS=9 ROF_NC=64 ROF_THETA=vec ROF_JAC=fd ROF_MODE=jvp
2026-08-12T09:42:14-05:00	cost_ns13_ad_out	OK	ROF_NS=13 ROF_NC=64 ROF_THETA=vec ROF_JAC=ad ROF_MODE=out
2026-08-12T09:43:16-05:00	ns13_nc288	OK	ROF_NS=13 ROF_NC=288 ROF_THETA=nt ROF_JAC=ad ROF_MODE=vjp ROF_EXCL=concat_broadcast_slice
2026-08-12T09:43:44-05:00	cost_ns13_ad_jvp	OK	ROF_NS=13 ROF_NC=64 ROF_THETA=vec ROF_JAC=ad ROF_MODE=jvp
2026-08-12T09:44:43-05:00	cost_ns13_fd_out	OK	ROF_NS=13 ROF_NC=64 ROF_THETA=vec ROF_JAC=fd ROF_MODE=out
2026-08-12T09:46:09-05:00	cost_ns13_fd_jvp	OK	ROF_NS=13 ROF_NC=64 ROF_THETA=vec ROF_JAC=fd ROF_MODE=jvp
